,pde,iter,success_rate,run_time,run_time_std,train_loss,train_loss_std,mse,mse_std,mxe,mxe_std,l2rel,l2rel_std,crmse,crmse_std,frmse_low,frmse_low_std,frmse_mid,frmse_mid_std,frmse_high,frmse_high_std
0,FBPINNS_Burgers1D,50,1.0,12.047238,0.0,0.35911935567855835,0.0,0.03427150472998619,0.0,0.7930562496185303,0.0,0.3041399121284485,0.0,,,16.95600576047064,0.0,0.9971546572676152,0.0,0.004333805658707427,0.0
1,FBPINNS_Poisson2DManyArea,50,1.0,68.908812,0.0,0.38495715377436523,0.0,6.746898174285889,0.0,9.875685691833496,0.0,1.0006225109100342,0.0,,,5976.20967070706,0.0,20.368017972340105,0.0,0.0716587554645908,0.0
