,pde,iter,success_rate,run_time,run_time_std,train_loss,train_loss_std,mse,mse_std,mxe,mxe_std,l2rel,l2rel_std,crmse,crmse_std,frmse_low,frmse_low_std,frmse_mid,frmse_mid_std,frmse_high,frmse_high_std
0,FBPINNS_Burgers1D,20,1.0,12.582646,0.0,0.6187685132026672,0.0,0.08079611510038376,0.0,0.9295757412910461,0.0,0.4669840633869171,0.0,,,46.83923966792503,0.0,1.8143775186647417,0.0,0.004902983176876134,0.0
1,FBPINNS_Poisson2DManyArea,20,1.0,38.693416,0.0,0.4723521645443744,0.0,6.715756416320801,0.0,9.877065658569336,0.0,0.9983105659484863,0.0,,,5937.921583850352,0.0,20.42890881943833,0.0,0.07221764012038964,0.0
