,pde,iter,success_rate,run_time,run_time_std,train_loss,train_loss_std,mse,mse_std,mxe,mxe_std,l2rel,l2rel_std,crmse,crmse_std,frmse_low,frmse_low_std,frmse_mid,frmse_mid_std,frmse_high,frmse_high_std
0,FBPINNS_Burgers1D,50,1.0,9.085057,0.0,0.35645484924316406,0.0,0.03159366548061371,0.0,0.7951622009277344,0.0,0.2920161485671997,0.0,,,14.738018626985241,0.0,0.972021031033715,0.0,0.004316565810710897,0.0
1,FBPINNS_Poisson2DManyArea,50,1.0,54.648505,0.0,0.3997981470555691,0.0,6.767865180969238,0.0,9.876688003540039,0.0,1.0021761655807495,0.0,,,6000.26326488925,0.0,20.371266478597132,0.0,0.0716198624817563,0.0
