,pde,iter,success_rate,run_time,run_time_std,train_loss,train_loss_std,mse,mse_std,mxe,mxe_std,l2rel,l2rel_std,crmse,crmse_std,frmse_low,frmse_low_std,frmse_mid,frmse_mid_std,frmse_high,frmse_high_std
0,FBPINNS_Burgers1D,50,1.0,9.213908,0.0,0.3678174614906311,0.0,0.03182500973343849,0.0,0.8058760166168213,0.0,0.2930833399295807,0.0,,,14.470864276174648,0.0,1.012494068482407,0.0,0.004338564181004714,0.0
1,FBPINNS_Poisson2DManyArea,50,1.0,53.763717,0.0,0.3878318844529473,0.0,6.7227888107299805,0.0,9.869751930236816,0.0,0.998833179473877,0.0,,,5947.345109626471,0.0,20.337478020681157,0.0,0.07146570133201088,0.0
