,pde,iter,success_rate,run_time,run_time_std,train_loss,train_loss_std,mse,mse_std,mxe,mxe_std,l2rel,l2rel_std,crmse,crmse_std,frmse_low,frmse_low_std,frmse_mid,frmse_mid_std,frmse_high,frmse_high_std
0,FBPINNS_Burgers1D,50,1.0,10.978525,0.0,0.36313706636428833,0.0,0.03036152943968773,0.0,0.8012174367904663,0.0,0.2862652540206909,0.0,,,14.019244746168928,0.0,0.9506301161756736,0.0,0.004300073393307358,0.0
1,FBPINNS_Poisson2DManyArea,50,1.0,59.652195,0.0,0.38265092555797164,0.0,6.733672142028809,0.0,9.873153686523438,0.0,0.9996413588523865,0.0,,,5963.044158791919,0.0,20.35845761420212,0.0,0.07174330464864423,0.0
