,pde,iter,success_rate,run_time,run_time_std,train_loss,train_loss_std,mse,mse_std,mxe,mxe_std,l2rel,l2rel_std,crmse,crmse_std,frmse_low,frmse_low_std,frmse_mid,frmse_mid_std,frmse_high,frmse_high_std
0,FBPINNS_Burgers1D,100,1.0,11.247996,0.0,0.34250402450561523,0.0,0.02962784469127655,0.0,0.792341947555542,0.0,0.2827853262424469,0.0,,,13.291928195128591,0.0,0.9972568911690395,0.0,0.004333476950998458,0.0
1,FBPINNS_Poisson2DManyArea,100,1.0,98.16954,0.0,0.3777904623195878,0.0,6.73901891708374,0.0,9.873026847839355,0.0,1.0000381469726562,0.0,,,5970.238976362618,0.0,20.357145384262314,0.0,0.07162967035578904,0.0
