,pde,iter,success_rate,run_time,run_time_std,train_loss,train_loss_std,mse,mse_std,mxe,mxe_std,l2rel,l2rel_std,crmse,crmse_std,frmse_low,frmse_low_std,frmse_mid,frmse_mid_std,frmse_high,frmse_high_std
0,PINA_REF_Burgers1D,2000,1.0,16.980065,0.0,0.0003013372770510614,0.0,0.00030073709785938263,0.0,0.1468563675880432,0.0,0.028490519151091576,0.0,,,,,,,,
1,PINA_REF_Poisson2D_Classic,2000,1.0,16.329286,0.0,0.0011013776529580355,0.0,0.001100225723348558,0.0,0.14013075828552246,0.0,0.06718049198389053,0.0,,,,,,,,
2,PINA_REF_HeatMultiscale,2000,1.0,40.098056,0.0,0.01157734077423811,0.0,0.034647680819034576,0.0,0.9458662271499634,0.0,0.9986947178840637,0.0,,,,,,,,
3,PINA_REF_NS_Long,2000,1.0,35.911695,0.0,319.00286865234375,0.0,336.8160095214844,0.0,98.81444549560547,0.0,0.7861691117286682,0.0,,,,,,,,
4,PINA_REF_GrayScott,2000,1.0,36.130045,0.0,0.00330111151561141,0.0,0.0027493988163769245,0.0,0.8572220206260681,0.0,0.07461792975664139,0.0,,,,,,,,
5,PINA_REF_WaveHetergeneous,2000,1.0,36.504753,0.0,0.021261874586343765,0.0,0.005015929229557514,0.0,0.28700488805770874,0.0,0.4444064497947693,0.0,,,,,,,,
