,pde,iter,success_rate,run_time,run_time_std,train_loss,train_loss_std,mse,mse_std,mxe,mxe_std,l2rel,l2rel_std,crmse,crmse_std,frmse_low,frmse_low_std,frmse_mid,frmse_mid_std,frmse_high,frmse_high_std
0,FBPINNS_Burgers1D,10,1.0,5.640412,0.0,0.8671554327011108,0.0,0.1051895022392273,0.0,0.9788750410079956,0.0,0.5328353643417358,0.0,,,61.51651630795574,0.0,2.265612578741549,0.0,0.0053540288019937,0.0
1,FBPINNS_Poisson2DManyArea,10,1.0,22.071791,0.0,0.7101073048036263,0.0,6.607397079467773,0.0,9.854042053222656,0.0,0.9902239441871643,0.0,,,5802.86095785619,0.0,20.309253801912796,0.0,0.07143988693952295,0.0
