,pde,iter,success_rate,run_time,run_time_std,train_loss,train_loss_std,mse,mse_std,mxe,mxe_std,l2rel,l2rel_std,crmse,crmse_std,frmse_low,frmse_low_std,frmse_mid,frmse_mid_std,frmse_high,frmse_high_std
0,FBPINNS_Burgers1D,50,1.0,10.642518,0.0,0.3584539592266083,0.0,0.03239709883928299,0.0,0.795602560043335,0.0,0.2957058548927307,0.0,,,15.287620642371895,0.0,1.0002172414688997,0.0,0.004336078459275193,0.0
1,FBPINNS_Poisson2DManyArea,50,1.0,59.629237,0.0,0.3858816217776364,0.0,6.734245300292969,0.0,9.867096900939941,0.0,0.9996838569641113,0.0,,,5960.991903885331,0.0,20.359596591385376,0.0,0.0716825248341681,0.0
